	model	type	pairid	expected	unexpected	diff	acc
0	bert-base-multilingual-uncased	type1	1	6.071985721588135	0.1619105637073516	5.910075157880783	False
1	bert-base-multilingual-uncased	type1	2	0.2540779411792755	5.582592964172363	-5.328515022993088	True
2	bert-base-multilingual-uncased	type1	3	0.3648823499679565	4.810720920562744	-4.445838570594788	True
3	bert-base-multilingual-uncased	type1	4	4.491272449493408	0.4034417271614074	4.087830722332001	False
4	bert-base-multilingual-uncased	type1	5	1.1915132999420166	4.792619705200195	-3.6011064052581787	True
5	bert-base-multilingual-uncased	type1	6	3.898857593536377	1.3286731243133545	2.5701844692230225	False
6	bert-base-multilingual-uncased	type1	7	0.3476489186286926	4.448947906494141	-4.101298987865448	True
7	bert-base-multilingual-uncased	type1	8	2.2524607181549072	0.6282221674919128	1.6242385506629944	False
8	bert-base-multilingual-uncased	type1	9	0.1139370203018188	5.72374153137207	-5.6098045110702515	True
9	bert-base-multilingual-uncased	type1	10	5.780969619750977	0.3869056701660156	5.394063949584961	False
10	bert-base-multilingual-uncased	type1	11	1.0303691625595093	1.796620488166809	-0.7662513256072998	True
11	bert-base-multilingual-uncased	type1	12	3.620871067047119	0.6878048181533813	2.933066248893738	False
12	bert-base-multilingual-uncased	type1	13	0.3985633850097656	5.283536434173584	-4.884973049163818	True
13	bert-base-multilingual-uncased	type1	14	5.3018999099731445	0.3745116591453552	4.927388250827789	False
14	bert-base-multilingual-uncased	type1	15	0.3548880219459533	3.3839316368103027	-3.0290436148643494	True
15	bert-base-multilingual-uncased	type1	16	5.748131275177002	0.2661828994750976	5.481948375701904	False
16	bert-base-multilingual-uncased	type1	17	0.4752349257469177	2.8201358318328857	-2.344900906085968	True
17	bert-base-multilingual-uncased	type1	18	1.787256121635437	0.6368186473846436	1.1504374742507935	False
18	bert-base-multilingual-uncased	type1	19	0.1385606974363327	4.735208511352539	-4.596647813916206	True
19	bert-base-multilingual-uncased	type1	20	5.525617599487305	0.1593778729438781	5.3662397265434265	False
20	bert-base-multilingual-uncased	type1	21	0.3257025182247162	4.817586421966553	-4.4918839037418365	True
21	bert-base-multilingual-uncased	type1	22	3.5332577228546143	0.198310449719429	3.3349472731351852	False
22	bert-base-multilingual-uncased	type1	23	4.073464393615723	7.677035808563232	-3.6035714149475098	True
23	bert-base-multilingual-uncased	type1	24	5.094015598297119	0.8849879503250122	4.209027647972107	False
24	bert-base-multilingual-uncased	type1	25	0.3797896206378937	5.472890853881836	-5.093101233243942	True
25	bert-base-multilingual-uncased	type1	26	5.109262943267822	0.2958703637123108	4.8133925795555115	False
26	bert-base-multilingual-uncased	type1	27	0.9185479879379272	5.207335948944092	-4.2887879610061646	True
27	bert-base-multilingual-uncased	type1	28	5.364389419555664	1.2084715366363523	4.1559178829193115	False
28	bert-base-multilingual-uncased	type1	29	0.6769440770149231	2.440275192260742	-1.763331115245819	True
29	bert-base-multilingual-uncased	type1	30	3.91680645942688	0.1876174211502075	3.7291890382766724	False
30	bert-base-multilingual-uncased	type1	31	0.475741446018219	3.804048776626587	-3.328307330608368	True
31	bert-base-multilingual-uncased	type1	32	4.611196994781494	0.7332125306129456	3.8779844641685486	False
32	bert-base-multilingual-uncased	type1	33	1.2107391357421875	4.775071620941162	-3.5643324851989746	True
33	bert-base-multilingual-uncased	type1	34	5.78347110748291	1.8895857334136963	3.893885374069214	False
34	bert-base-multilingual-uncased	type1	35	0.1415515094995498	4.792560577392578	-4.651009067893028	True
35	bert-base-multilingual-uncased	type1	36	5.881381511688232	0.353924036026001	5.5274574756622314	False
36	bert-base-multilingual-uncased	type1	37	2.210082054138184	4.835402488708496	-2.625320434570312	True
37	bert-base-multilingual-uncased	type1	38	3.8605010509490967	0.5225406289100647	3.337960422039032	False
38	bert-base-multilingual-uncased	type1	39	0.1793922036886215	6.704177379608154	-6.524785175919533	True
39	bert-base-multilingual-uncased	type1	40	7.397335052490234	0.4288496971130371	6.968485355377197	False
40	bert-base-multilingual-uncased	type1	41	0.7999947667121887	4.074342250823975	-3.274347484111786	True
41	bert-base-multilingual-uncased	type1	42	4.630763530731201	0.2142313420772552	4.416532188653946	False
42	bert-base-multilingual-uncased	type1	43	0.2551872432231903	0.3546222746372223	-0.09943503141403198	True
43	bert-base-multilingual-uncased	type1	44	0.2207288742065429	0.1386600732803344	0.08206880092620852	False
44	bert-base-multilingual-uncased	type1	45	0.4793374538421631	4.980288505554199	-4.500951051712036	True
45	bert-base-multilingual-uncased	type1	46	4.659684658050537	0.1674637794494629	4.492220878601074	False
46	bert-base-multilingual-uncased	type1	47	0.9252878427505492	1.6210057735443115	-0.6957179307937623	True
47	bert-base-multilingual-uncased	type1	48	1.6858298778533936	1.9261199235916135	-0.24029004573822	True
48	bert-base-multilingual-uncased	type1	49	0.3332911729812622	3.886276483535767	-3.552985310554505	True
49	bert-base-multilingual-uncased	type1	50	2.92232084274292	0.5306737422943115	2.3916471004486084	False
50	bert-base-multilingual-uncased	type1	51	0.5271178483963013	6.207783222198486	-5.680665373802185	True
51	bert-base-multilingual-uncased	type1	52	3.949671983718872	0.3532494306564331	3.596422553062439	False
52	bert-base-multilingual-uncased	type1	53	0.8389061689376831	6.504380226135254	-5.665474057197571	True
53	bert-base-multilingual-uncased	type1	54	6.1360039710998535	0.7134458422660828	5.422558128833771	False
54	bert-base-multilingual-uncased	type1	55	0.592743992805481	4.476453304290772	-3.8837093114852914	True
55	bert-base-multilingual-uncased	type1	56	4.663942337036133	0.336941123008728	4.327001214027405	False
56	bert-base-multilingual-uncased	type1	57	0.2161223888397216	7.254088401794434	-7.037966012954712	True
57	bert-base-multilingual-uncased	type1	58	4.272276878356934	2.667402505874634	1.6048743724822998	False
58	bert-base-multilingual-uncased	type1	59	0.3955691754817962	5.737405300140381	-5.341836124658585	True
59	bert-base-multilingual-uncased	type1	60	4.938151836395264	0.4679538607597351	4.470197975635529	False
60	bert-base-multilingual-uncased	type1	61	0.5385801792144775	2.8896725177764893	-2.3510923385620117	True
61	bert-base-multilingual-uncased	type1	62	3.12733793258667	0.5607199668884277	2.566617965698242	False
62	bert-base-multilingual-uncased	type1	63	3.675462484359741	6.103179454803467	-2.4277169704437256	True
63	bert-base-multilingual-uncased	type1	64	4.407227516174316	0.3000561594963074	4.107171356678009	False
64	bert-base-multilingual-uncased	type1	65	1.391556978225708	2.6334986686706543	-1.2419416904449463	True
65	bert-base-multilingual-uncased	type1	66	2.824545621871948	1.60206401348114	1.2224816083908079	False
66	bert-base-multilingual-uncased	type1	67	0.4041383266448974	3.815853118896485	-3.4117147922515874	True
67	bert-base-multilingual-uncased	type1	68	3.6571526527404794	0.2741615772247314	3.382991075515748	False
68	bert-base-multilingual-uncased	type1	69	0.3551889657974243	5.393878936767578	-5.038689970970154	True
69	bert-base-multilingual-uncased	type1	70	6.936272144317627	0.4499398171901703	6.486332327127457	False
70	bert-base-multilingual-uncased	type1	71	0.638193666934967	4.857991695404053	-4.219798028469086	True
71	bert-base-multilingual-uncased	type1	72	6.007182121276856	0.2025006711483001	5.804681450128556	False
72	bert-base-multilingual-uncased	type1	73	0.3978379070758819	4.458727836608887	-4.060889929533005	True
73	bert-base-multilingual-uncased	type1	74	6.692707538604736	1.714903712272644	4.977803826332092	False
74	bert-base-multilingual-uncased	type1	75	0.2718154788017273	7.294777393341064	-7.022961914539336	True
75	bert-base-multilingual-uncased	type1	76	6.03447151184082	0.0816137865185737	5.9528577253222466	False
76	bert-base-multilingual-uncased	type1	77	0.2873584032058716	5.957208156585693	-5.669849753379822	True
77	bert-base-multilingual-uncased	type1	78	4.860490322113037	0.4045094847679138	4.455980837345123	False
78	bert-base-multilingual-uncased	type1	79	1.0335183143615725	4.581622123718262	-3.5481038093566895	True
79	bert-base-multilingual-uncased	type1	80	4.025099277496338	0.4050734043121338	3.620025873184204	False
80	bert-base-multilingual-uncased	type1	81	0.7030082941055298	5.648816585540772	-4.945808291435243	True
81	bert-base-multilingual-uncased	type1	82	4.159329414367676	0.3128411471843719	3.846488267183304	False
82	bert-base-multilingual-uncased	type1	83	0.9076162576675416	1.5874429941177368	-0.6798267364501952	True
83	bert-base-multilingual-uncased	type1	84	1.3477693796157837	0.9917309284210204	0.3560384511947633	False
84	bert-base-multilingual-uncased	type1	85	0.5565458536148071	2.9946722984313965	-2.4381264448165894	True
85	bert-base-multilingual-uncased	type1	86	1.3132761716842651	1.492643117904663	-0.17936694622039795	True
86	bert-base-multilingual-uncased	type1	87	1.1147210597991943	6.392866134643555	-5.27814507484436	True
87	bert-base-multilingual-uncased	type1	88	6.781252384185791	1.8948290348052976	4.886423349380493	False
88	bert-base-multilingual-uncased	type1	89	1.1242338418960571	1.838567137718201	-0.7143332958221438	True
89	bert-base-multilingual-uncased	type1	90	1.8858217000961304	0.9763844013214112	0.9094372987747191	False
90	bert-base-multilingual-uncased	type1	91	0.8866938948631287	7.303381443023682	-6.416687548160553	True
91	bert-base-multilingual-uncased	type1	92	6.578649997711182	5.538071155548096	1.040578842163086	False
92	bert-base-multilingual-uncased	type1	93	0.2215059995651245	7.169363021850586	-6.947857022285461	True
93	bert-base-multilingual-uncased	type1	94	5.048763751983643	0.7195590138435364	4.329204738140106	False
94	bert-base-multilingual-uncased	type1	95	3.2585175037384038	5.2509613037109375	-1.9924437999725337	True
95	bert-base-multilingual-uncased	type1	96	2.3658809661865234	1.511377453804016	0.8545035123825075	False
96	bert-base-multilingual-uncased	type1	97	0.3889272511005401	3.943786382675171	-3.5548591315746307	True
97	bert-base-multilingual-uncased	type1	98	3.3570046424865723	0.2311677038669586	3.1258369386196136	False
98	bert-base-multilingual-uncased	type1	99	1.0323117971420288	3.731668949127197	-2.699357151985168	True
99	bert-base-multilingual-uncased	type1	100	2.6742780208587646	0.5207317471504211	2.1535462737083435	False
100	bert-base-multilingual-uncased	type1	101	0.6303282380104065	5.715537071228027	-5.085208833217621	True
101	bert-base-multilingual-uncased	type1	102	3.023931741714477	0.2609766721725464	2.7629550695419307	False
102	bert-base-multilingual-uncased	type1	103	0.1135563477873802	0.2924985587596893	-0.17894221097230906	True
103	bert-base-multilingual-uncased	type1	104	5.860069274902344	0.1087343618273735	5.75133491307497	False
104	bert-base-multilingual-uncased	type1	105	0.5878880620002747	6.471334934234619	-5.8834468722343445	True
105	bert-base-multilingual-uncased	type1	106	5.770724296569824	0.6824399828910828	5.0882843136787415	False
106	bert-base-multilingual-uncased	type1	107	5.689312934875488	9.256643295288086	-3.5673303604125977	True
107	bert-base-multilingual-uncased	type1	108	7.344700813293457	4.020835876464844	3.3238649368286133	False
108	bert-base-multilingual-uncased	type1	109	0.301212340593338	6.504755973815918	-6.20354363322258	True
109	bert-base-multilingual-uncased	type1	110	6.045465469360352	0.1274074763059616	5.91805799305439	False
110	bert-base-multilingual-uncased	type1	111	0.8669751286506653	1.7508546113967896	-0.8838794827461243	True
111	bert-base-multilingual-uncased	type1	112	0.8849511742591858	1.384724497795105	-0.4997733235359192	True
112	bert-base-multilingual-uncased	type1	113	1.9149357080459597	0.6809024214744568	1.234033286571503	False
113	bert-base-multilingual-uncased	type1	114	0.302358478307724	2.6727294921875	-2.370371013879776	True
114	bert-base-multilingual-uncased	type1	115	3.0919017791748047	0.258744865655899	2.8331569135189056	False
115	bert-base-multilingual-uncased	type1	116	0.5519397258758545	2.001472949981689	-1.4495332241058345	True
116	bert-base-multilingual-uncased	type1	117	1.151642918586731	4.025167465209961	-2.87352454662323	True
117	bert-base-multilingual-uncased	type1	118	4.387994289398193	2.4711899757385254	1.916804313659668	False
118	bert-base-multilingual-uncased	type1	119	0.3802215158939361	5.786531925201416	-5.40631040930748	True
119	bert-base-multilingual-uncased	type1	120	4.271728038787842	0.2614887952804565	4.010239243507385	False
120	bert-base-multilingual-uncased	type1	121	2.4363389015197754	3.800560235977173	-1.3642213344573975	True
121	bert-base-multilingual-uncased	type1	122	1.8569300174713133	0.5672816634178162	1.289648354053497	False
122	bert-base-multilingual-uncased	type1	123	0.4077213406562805	2.64302659034729	-2.2353052496910095	True
123	bert-base-multilingual-uncased	type1	124	2.314180374145508	0.424367755651474	1.8898126184940338	False
124	bert-base-multilingual-uncased	type1	125	1.2830452919006348	5.374628067016602	-4.091582775115967	True
125	bert-base-multilingual-uncased	type1	126	5.945691108703613	1.0927919149398804	4.852899193763733	False
126	bert-base-multilingual-uncased	type1	127	0.2135327756404876	5.943216323852539	-5.729683548212051	True
127	bert-base-multilingual-uncased	type1	128	5.3645920753479	0.1844014078378677	5.180190667510033	False
128	bert-base-multilingual-uncased	type1	129	5.779260158538818	7.93278694152832	-2.153526782989502	True
129	bert-base-multilingual-uncased	type1	130	4.432493686676025	0.4236247837543487	4.008868902921677	False
130	bert-base-multilingual-uncased	type1	131	0.6281003952026367	2.8545162677764893	-2.2264158725738525	True
131	bert-base-multilingual-uncased	type1	132	3.0883712768554688	0.6971067190170288	2.39126455783844	False
132	bert-base-multilingual-uncased	type1	133	1.7988181114196775	0.3467767834663391	1.4520413279533384	False
133	bert-base-multilingual-uncased	type1	134	0.2653506398200989	3.4303901195526123	-3.1650394797325134	True
134	bert-base-multilingual-uncased	type1	135	0.4011164605617523	3.729139089584351	-3.3280226290225987	True
135	bert-base-multilingual-uncased	type1	136	3.121915102005005	0.2693407535552978	2.852574348449707	False
136	bert-base-multilingual-uncased	type1	137	0.6132820248603821	2.954754114151001	-2.341472089290619	True
137	bert-base-multilingual-uncased	type1	138	1.9561898708343504	1.1989214420318604	0.75726842880249	False
138	bert-base-multilingual-uncased	type1	139	0.2260942012071609	7.683032989501953	-7.456938788294792	True
139	bert-base-multilingual-uncased	type1	140	6.355802536010742	0.1527352631092071	6.203067272901535	False
140	bert-base-multilingual-uncased	type1	141	0.3912345468997955	5.495826721191406	-5.104592174291611	True
141	bert-base-multilingual-uncased	type1	142	5.933126926422119	1.5909874439239502	4.342139482498169	False
142	bert-base-multilingual-uncased	type1	143	0.3471009135246277	3.310758113861084	-2.9636572003364563	True
143	bert-base-multilingual-uncased	type1	144	5.3684492111206055	1.3764113187789917	3.9920378923416138	False
144	bert-base-multilingual-uncased	type1	145	0.4910016655921936	3.2895267009735107	-2.798525035381317	True
145	bert-base-multilingual-uncased	type1	146	3.7849855422973633	1.053645133972168	2.7313404083251953	False
146	bert-base-multilingual-uncased	type1	147	0.6036010980606079	7.4518609046936035	-6.848259806632996	True
147	bert-base-multilingual-uncased	type1	148	8.398658752441406	0.0930022522807121	8.305656500160694	False
148	bert-base-multilingual-uncased	type1	149	1.6864943504333496	4.64267635345459	-2.9561820030212402	True
149	bert-base-multilingual-uncased	type1	150	4.074168682098389	0.22675421833992	3.8474144637584686	False
150	bert-base-multilingual-uncased	type1	151	0.474837988615036	2.838622570037842	-2.363784581422806	True
151	bert-base-multilingual-uncased	type1	152	2.7410035133361816	0.6185463666915894	2.1224571466445923	False
152	bert-base-multilingual-uncased	type1	153	0.2802339792251587	2.7214081287384038	-2.441174149513245	True
153	bert-base-multilingual-uncased	type1	154	2.142540216445923	0.4960376024246216	1.6465026140213013	False
154	bert-base-multilingual-uncased	type1	155	0.1062558889389038	6.218644142150879	-6.112388253211975	True
155	bert-base-multilingual-uncased	type1	156	6.004812240600586	0.1488783955574035	5.855933845043182	False
156	bert-base-multilingual-uncased	type1	157	0.4024873971939087	4.047301769256592	-3.644814372062683	True
157	bert-base-multilingual-uncased	type1	158	4.318112373352051	0.5984275937080383	3.7196847796440125	False
158	bert-base-multilingual-uncased	type1	159	0.4615135490894317	2.919431686401367	-2.4579181373119354	True
159	bert-base-multilingual-uncased	type1	160	1.663034439086914	0.9652196168899536	0.6978148221969604	False
160	bert-base-multilingual-uncased	type1	161	0.4871048629283905	4.812783241271973	-4.325678378343582	True
161	bert-base-multilingual-uncased	type1	162	6.484756946563721	0.2913195490837097	6.193437397480011	False
162	bert-base-multilingual-uncased	type1	163	3.7347235679626474	0.5435110926628113	3.191212475299836	False
163	bert-base-multilingual-uncased	type1	164	0.8162754774093628	6.198163032531738	-5.3818875551223755	True
164	bert-base-multilingual-uncased	type1	165	1.0493144989013672	4.685993194580078	-3.636678695678711	True
165	bert-base-multilingual-uncased	type1	166	4.344680309295654	0.7874159216880798	3.5572643876075745	False
166	bert-base-multilingual-uncased	type1	167	0.4529021680355072	3.38550353050232	-2.9326013624668126	True
167	bert-base-multilingual-uncased	type1	168	4.161415576934815	0.6231324672698975	3.538283109664918	False
168	bert-base-multilingual-uncased	type1	169	0.5653058290481567	3.408041477203369	-2.8427356481552124	True
169	bert-base-multilingual-uncased	type1	170	1.751806378364563	0.7829193472862244	0.9688870310783386	False
170	bert-base-multilingual-uncased	type1	171	0.5229877829551697	2.955795288085937	-2.4328075051307674	True
171	bert-base-multilingual-uncased	type1	172	4.057682991027832	1.1263487339019775	2.9313342571258545	False
172	bert-base-multilingual-uncased	type1	173	1.9426569938659668	3.627350807189941	-1.6846938133239742	True
173	bert-base-multilingual-uncased	type1	174	2.554280996322632	1.5039128065109253	1.0503681898117065	False
174	bert-base-multilingual-uncased	type1	175	4.775673866271973	0.4281918406486511	4.3474820256233215	False
175	bert-base-multilingual-uncased	type1	176	0.464481920003891	4.2208991050720215	-3.7564171850681305	True
176	bert-base-multilingual-uncased	type1	177	0.3052146732807159	3.6662442684173584	-3.3610295951366425	True
177	bert-base-multilingual-uncased	type1	178	4.6848249435424805	0.220616266131401	4.464208677411079	False
178	bert-base-multilingual-uncased	type1	179	2.729657888412476	5.219585418701172	-2.489927530288696	True
179	bert-base-multilingual-uncased	type1	180	2.281690120697021	0.627937912940979	1.653752207756042	False
180	bert-base-multilingual-uncased	type1	181	0.3316148519515991	3.401042938232422	-3.0694280862808228	True
181	bert-base-multilingual-uncased	type1	182	2.007071018218994	0.7658750414848328	1.2411959767341614	False
182	bert-base-multilingual-uncased	type1	183	0.1670965105295181	0.4050239026546478	-0.23792739212512973	True
183	bert-base-multilingual-uncased	type1	184	6.544225215911865	0.1842878758907318	6.359937340021133	False
184	bert-base-multilingual-uncased	type1	185	0.3384555280208587	4.756341934204102	-4.417886406183243	True
185	bert-base-multilingual-uncased	type1	186	4.8388671875	0.5904392600059509	4.248427927494049	False
186	bert-base-multilingual-uncased	type1	187	1.7767716646194458	0.781757116317749	0.9950145483016968	False
187	bert-base-multilingual-uncased	type1	188	0.7806932926177979	2.755909919738769	-1.9752166271209712	True
188	bert-base-multilingual-uncased	type1	189	2.011845588684082	0.8109210729598999	1.2009245157241821	False
189	bert-base-multilingual-uncased	type1	190	0.6227918267250061	1.8804926872253416	-1.2577008605003355	True
190	bert-base-multilingual-uncased	type1	191	0.1085410490632057	5.392547130584717	-5.284006081521511	True
191	bert-base-multilingual-uncased	type1	192	3.611974000930786	0.4304201304912567	3.1815538704395294	False
192	bert-base-multilingual-uncased	type1	193	3.186241626739502	0.2184044867753982	2.9678371399641037	False
193	bert-base-multilingual-uncased	type1	194	0.100657045841217	1.930273413658142	-1.829616367816925	True
194	bert-base-multilingual-uncased	type1	195	0.1759015768766403	4.933453559875488	-4.757551982998848	True
195	bert-base-multilingual-uncased	type1	196	0.3404425084590912	0.0733564347028732	0.26708607375621796	False
196	bert-base-multilingual-uncased	type1	197	1.1143293380737305	2.45536470413208	-1.3410353660583496	True
197	bert-base-multilingual-uncased	type1	198	1.1600618362426758	1.093145489692688	0.06691634654998779	False
198	bert-base-multilingual-uncased	type1	199	1.482313871383667	2.346569299697876	-0.864255428314209	True
199	bert-base-multilingual-uncased	type1	200	1.733306884765625	1.211142659187317	0.5221642255783081	False
200	bert-base-multilingual-uncased	type1	201	0.157861441373825	7.176732063293457	-7.018870621919632	True
201	bert-base-multilingual-uncased	type1	202	0.6071063280105591	0.2951965034008026	0.31190982460975647	False
202	bert-base-multilingual-uncased	type1	203	0.0705835074186325	5.629081726074219	-5.558498218655586	True
203	bert-base-multilingual-uncased	type1	204	5.2808098793029785	0.1260302662849426	5.154779613018036	False
204	bert-base-multilingual-uncased	type1	205	0.9035470485687256	3.4428653717041016	-2.539318323135376	True
205	bert-base-multilingual-uncased	type1	206	4.135708808898926	2.3126237392425537	1.823085069656372	False
206	bert-base-multilingual-uncased	type1	207	0.3138138949871063	3.1302528381347656	-2.8164389431476593	True
207	bert-base-multilingual-uncased	type1	208	4.646376132965088	0.5021089911460876	4.144267141819	False
208	bert-base-multilingual-uncased	type1	209	0.2672373354434967	3.1466658115386963	-2.8794284760951996	True
209	bert-base-multilingual-uncased	type1	210	3.858515739440918	0.7081059217453003	3.1504098176956177	False
210	bert-base-multilingual-uncased	type1	211	2.5683512687683105	0.6502135992050171	1.9181376695632935	False
211	bert-base-multilingual-uncased	type1	212	1.407548189163208	2.8116378784179688	-1.4040896892547607	True
212	bert-base-multilingual-uncased	type1	213	0.2938399612903595	5.4778594970703125	-5.184019535779953	True
213	bert-base-multilingual-uncased	type1	214	6.366767406463623	0.1200318485498428	6.24673555791378	False
214	bert-base-multilingual-uncased	type1	215	0.4333491921424866	5.721109867095947	-5.287760674953461	True
215	bert-base-multilingual-uncased	type1	216	2.306326150894165	0.7008033394813538	1.6055228114128113	False
216	bert-base-multilingual-uncased	type1	217	0.7352434396743774	1.887472152709961	-1.1522287130355835	True
217	bert-base-multilingual-uncased	type1	218	2.300038576126098	0.8991119861602783	1.4009265899658199	False
218	bert-base-multilingual-uncased	type1	219	0.7729224562644958	3.926316499710083	-3.153394043445587	True
219	bert-base-multilingual-uncased	type1	220	4.610292911529541	0.2205717116594314	4.38972119987011	False
220	bert-base-multilingual-uncased	type1	221	0.1901682913303375	6.484434604644775	-6.294266313314438	True
221	bert-base-multilingual-uncased	type1	222	7.279568195343018	0.4339310228824615	6.845637172460556	False
222	bert-base-multilingual-uncased	type1	223	0.1176865324378013	4.994170665740967	-4.876484133303165	True
223	bert-base-multilingual-uncased	type1	224	3.821667671203613	2.758253335952759	1.063414335250854	False
224	bert-base-multilingual-uncased	type1	225	0.9115516543388368	3.2836079597473145	-2.372056305408478	True
225	bert-base-multilingual-uncased	type1	226	0.5201832056045532	0.5012994408607483	0.01888376474380493	False
226	bert-base-multilingual-uncased	type1	227	0.2015206217765808	5.152800559997559	-4.951279938220978	True
227	bert-base-multilingual-uncased	type1	228	5.741411209106445	0.2695768773555755	5.47183433175087	False
228	bert-base-multilingual-uncased	type1	229	1.9811612367630005	6.878312110900879	-4.897150874137878	True
229	bert-base-multilingual-uncased	type1	230	3.664564609527588	0.399474024772644	3.265090584754944	False
230	bert-base-multilingual-uncased	type1	231	0.3450156152248382	5.534764289855957	-5.189748674631119	True
231	bert-base-multilingual-uncased	type1	232	6.419011116027832	1.1849350929260254	5.234076023101807	False
232	bert-base-multilingual-uncased	type1	233	0.3165508508682251	2.719077110290528	-2.4025262594223027	True
233	bert-base-multilingual-uncased	type1	234	3.441272735595703	0.3631301522254944	3.0781425833702087	False
234	bert-base-multilingual-uncased	type1	235	0.5520198345184326	3.9158451557159424	-3.3638253211975098	True
235	bert-base-multilingual-uncased	type1	236	2.834310293197632	1.568094253540039	1.2662160396575928	False
236	bert-base-multilingual-uncased	type1	237	1.242550253868103	2.113722085952759	-0.8711718320846558	True
237	bert-base-multilingual-uncased	type1	238	1.2695411443710327	1.8122427463531492	-0.5427016019821165	True
238	bert-base-multilingual-uncased	type1	239	0.2518250644207001	5.053503513336182	-4.801678448915482	True
239	bert-base-multilingual-uncased	type1	240	5.052754878997803	0.3809629082679748	4.671791970729828	False
240	bert-base-multilingual-uncased	type1	241	0.8791998978704214	0.790260910987854	0.0889389868825674	False
241	bert-base-multilingual-uncased	type1	242	1.1244486570358276	1.798452854156494	-0.6740041971206663	True
242	bert-base-multilingual-uncased	type1	243	5.123397350311279	5.784815311431885	-0.6614179611206055	True
243	bert-base-multilingual-uncased	type1	244	4.3022003173828125	0.2023307085037231	4.099869608879089	False
244	bert-base-multilingual-uncased	type1	245	0.4273650050163269	3.564337015151977	-3.13697201013565	True
245	bert-base-multilingual-uncased	type1	246	1.996565103530884	0.6631616353988647	1.3334034681320193	False
246	bert-base-multilingual-uncased	type1	247	2.3770415782928467	3.29665207862854	-0.9196105003356934	True
247	bert-base-multilingual-uncased	type1	248	5.056116104125977	0.5307462215423584	4.525369882583618	False
248	bert-base-multilingual-uncased	type1	249	0.3048036098480224	4.817776679992676	-4.512973070144653	True
249	bert-base-multilingual-uncased	type1	250	6.014692783355713	0.1480918824672699	5.866600900888443	False
250	bert-base-multilingual-uncased	type1	251	0.0629692301154136	6.036531925201416	-5.973562695086002	True
251	bert-base-multilingual-uncased	type1	252	0.1432229876518249	0.0262998696416616	0.1169231180101633	False
252	bert-base-multilingual-uncased	type1	253	0.0569817908108234	0.1990188211202621	-0.1420370303094387	True
253	bert-base-multilingual-uncased	type1	254	5.657712459564209	0.0913359448313713	5.566376514732838	False
254	bert-base-multilingual-uncased	type1	255	0.280719518661499	10.001154899597168	-9.720435380935669	True
255	bert-base-multilingual-uncased	type1	256	3.483778715133667	0.1888854950666427	3.2948932200670242	False
256	bert-base-multilingual-uncased	type1	257	0.0770013108849525	6.097560882568359	-6.020559571683407	True
257	bert-base-multilingual-uncased	type1	258	4.953245639801025	0.2473328709602356	4.70591276884079	False
258	bert-base-multilingual-uncased	type1	259	2.474627494812012	0.9694299101829528	1.5051975846290593	False
259	bert-base-multilingual-uncased	type1	260	0.374193787574768	3.30663537979126	-2.932441592216492	True
260	bert-base-multilingual-uncased	type1	261	3.7744333744049072	6.966675281524658	-3.192241907119751	True
261	bert-base-multilingual-uncased	type1	262	2.8827662467956543	0.6079337000846863	2.274832546710968	False
262	bert-base-multilingual-uncased	type1	263	0.4325264692306518	1.689623475074768	-1.2570970058441162	True
263	bert-base-multilingual-uncased	type1	264	5.954775333404541	0.3805166780948639	5.574258655309677	False
264	bert-base-multilingual-uncased	type1	265	4.241863250732422	6.557800769805908	-2.3159375190734863	True
265	bert-base-multilingual-uncased	type1	266	4.428598880767822	1.6183335781097412	2.810265302658081	False
266	bert-base-multilingual-uncased	type1	267	0.4121541380882263	5.265735626220703	-4.853581488132477	True
267	bert-base-multilingual-uncased	type1	268	6.604625701904297	0.1855026334524154	6.419123068451881	False
268	bert-base-multilingual-uncased	type1	269	0.3025075793266296	0.6416811347007751	-0.33917355537414556	True
269	bert-base-multilingual-uncased	type1	270	5.860751628875732	0.2759220004081726	5.58482962846756	False
270	bert-base-multilingual-uncased	type1	271	0.6499071717262268	4.82808256149292	-4.178175389766693	True
271	bert-base-multilingual-uncased	type1	272	3.5818891525268555	0.4734596312046051	3.1084295213222504	False
272	bert-base-multilingual-uncased	type1	273	0.6976826190948486	4.574036598205566	-3.8763539791107178	True
273	bert-base-multilingual-uncased	type1	274	5.202452659606934	0.2943457663059234	4.90810689330101	False
274	bert-base-multilingual-uncased	type1	275	0.1702579259872436	0.2359248101711273	-0.0656668841838837	True
275	bert-base-multilingual-uncased	type1	276	5.138282299041748	0.2655529379844665	4.8727293610572815	False
276	bert-base-multilingual-uncased	type1	277	0.6874948740005493	2.212987899780273	-1.5254930257797237	True
277	bert-base-multilingual-uncased	type1	278	4.1622700691223145	1.1706565618515017	2.991613507270813	False
278	bert-base-multilingual-uncased	type1	279	0.0432876721024513	3.46759295463562	-3.424305282533169	True
279	bert-base-multilingual-uncased	type1	280	5.636378288269043	0.2416844218969345	5.3946938663721085	False
280	bert-base-multilingual-uncased	type1	281	0.1107332333922386	0.3639721572399139	-0.25323892384767527	True
281	bert-base-multilingual-uncased	type1	282	6.344746112823486	0.1300388276576995	6.214707285165787	False
282	bert-base-multilingual-uncased	type1	283	0.2570101022720337	0.710347056388855	-0.4533369541168213	True
283	bert-base-multilingual-uncased	type1	284	2.660325288772583	0.9242347478866576	1.7360905408859253	False
284	bert-base-multilingual-uncased	type1	285	1.7366254329681396	0.7517371773719788	0.9848882555961609	False
285	bert-base-multilingual-uncased	type1	286	1.4783649444580078	3.76010012626648	-2.281735181808472	True
286	bert-base-multilingual-uncased	type1	287	2.8755199909210205	3.781161308288574	-0.9056413173675537	True
287	bert-base-multilingual-uncased	type1	288	1.6788543462753296	0.6444984078407288	1.0343559384346008	False
288	bert-base-multilingual-uncased	type1	289	0.7797364592552185	4.704148769378662	-3.9244123101234436	True
289	bert-base-multilingual-uncased	type1	290	6.12711238861084	0.28850057721138	5.83861181139946	False
290	bert-base-multilingual-uncased	type1	291	4.284808158874512	0.4769858121871948	3.807822346687317	False
291	bert-base-multilingual-uncased	type1	292	0.2746753096580505	4.2885355949401855	-4.013860285282135	True
292	bert-base-multilingual-uncased	type1	293	0.2214912474155426	5.988402366638184	-5.766911119222641	True
293	bert-base-multilingual-uncased	type1	294	3.600699186325073	2.200135946273804	1.4005632400512686	False
294	bert-base-multilingual-uncased	type1	295	5.103825569152832	0.2447158694267273	4.859109699726105	False
295	bert-base-multilingual-uncased	type1	296	10.129444122314451	2.6912405621260405	7.438203560188411	False
296	bert-base-multilingual-uncased	type1	297	6.4330220222473145	0.684961199760437	5.748060822486877	False
297	bert-base-multilingual-uncased	type1	298	0.3798738121986389	5.892162799835205	-5.512288987636566	True
298	bert-base-multilingual-uncased	type1	299	0.4211355149745941	4.188159465789795	-3.767023950815201	True
299	bert-base-multilingual-uncased	type1	300	5.2051100730896	0.8889015316963196	4.31620854139328	False
300	bert-base-multilingual-uncased	type1	301	6.5328145027160645	0.1256819367408752	6.407132565975189	False
301	bert-base-multilingual-uncased	type1	302	0.1132436320185661	4.477453231811523	-4.364209599792957	True
302	bert-base-multilingual-uncased	type1	303	1.8008819818496704	1.117241382598877	0.6836405992507935	False
303	bert-base-multilingual-uncased	type1	304	1.446381688117981	1.4048293828964231	0.04155230522155784	False
304	bert-base-multilingual-uncased	type1	305	1.0932228565216064	1.907985806465149	-0.8147629499435425	True
305	bert-base-multilingual-uncased	type1	306	0.9253133535385132	4.471765041351318	-3.546451687812805	True
306	bert-base-multilingual-uncased	type1	307	0.1705640256404876	4.78643274307251	-4.615868717432022	True
307	bert-base-multilingual-uncased	type1	308	4.29892110824585	0.2824077904224396	4.01651331782341	False
308	bert-base-multilingual-uncased	type1	309	0.7065387964248657	1.9718468189239504	-1.2653080224990847	True
309	bert-base-multilingual-uncased	type1	310	1.4757559299468994	1.0011829137802124	0.474573016166687	False
310	bert-base-multilingual-uncased	type1	311	0.8153862357139587	5.629711627960205	-4.814325392246246	True
311	bert-base-multilingual-uncased	type1	312	0.3783288598060608	0.2639462649822235	0.11438259482383728	False
312	bert-base-multilingual-uncased	type1	313	0.9588042497634888	0.4711041152477264	0.4877001345157624	False
313	bert-base-multilingual-uncased	type1	314	1.0252587795257568	1.2942368984222412	-0.2689781188964844	True
314	bert-base-multilingual-uncased	type1	315	1.113209843635559	3.9666085243225098	-2.8533986806869507	True
315	bert-base-multilingual-uncased	type1	316	4.357072830200195	0.4229587912559509	3.9341140389442444	False
316	bert-base-multilingual-uncased	type1	317	6.709078788757324	2.1630752086639404	4.546003580093384	False
317	bert-base-multilingual-uncased	type1	318	1.256489396095276	6.134068965911865	-4.877579569816589	True
318	bert-base-multilingual-uncased	type1	319	0.2343160361051559	4.163549900054932	-3.9292338639497757	True
319	bert-base-multilingual-uncased	type1	320	1.0043251514434814	0.1895483136177063	0.8147768378257751	False
320	bert-base-multilingual-uncased	type1	321	0.2083619236946106	5.78377103805542	-5.575409114360809	True
321	bert-base-multilingual-uncased	type1	322	5.549777507781982	0.2289178967475891	5.320859611034393	False
322	bert-base-multilingual-uncased	type1	323	1.9795777797698972	0.4735518097877502	1.506025969982147	False
323	bert-base-multilingual-uncased	type1	324	0.3751295804977417	2.4780068397521973	-2.1028772592544556	True
324	bert-base-multilingual-uncased	type1	325	2.663919687271118	6.590059280395508	-3.9261395931243896	True
325	bert-base-multilingual-uncased	type1	326	3.81146502494812	1.032679557800293	2.778785467147827	False
326	bert-base-multilingual-uncased	type1	327	0.5001708269119263	5.909590721130371	-5.409419894218445	True
327	bert-base-multilingual-uncased	type1	328	8.075753211975098	1.0911248922348022	6.984628319740295	False
328	bert-base-multilingual-uncased	type1	329	5.221499919891357	0.2079429924488067	5.013556927442551	False
329	bert-base-multilingual-uncased	type1	330	0.1346757262945175	5.896797180175781	-5.762121453881264	True
330	bert-base-multilingual-uncased	type1	331	3.528750419616699	6.1011881828308105	-2.5724377632141113	True
331	bert-base-multilingual-uncased	type1	332	7.506701946258545	3.548527956008911	3.958173990249634	False
332	bert-base-multilingual-uncased	type1	333	6.142967700958252	1.3886326551437378	4.754335045814514	False
333	bert-base-multilingual-uncased	type1	334	1.5485751628875732	6.370832443237305	-4.8222572803497314	True
334	bert-base-multilingual-uncased	type1	335	1.9429998397827148	0.9595108032226562	0.9834890365600586	False
335	bert-base-multilingual-uncased	type1	336	3.0085079669952397	7.362250328063965	-4.353742361068726	True
336	bert-base-multilingual-uncased	type1	337	4.073376178741455	6.223142623901367	-2.149766445159912	True
337	bert-base-multilingual-uncased	type1	338	1.561916470527649	1.472793698310852	0.08912277221679688	False
338	bert-base-multilingual-uncased	type1	339	0.7644475698471069	2.139608383178711	-1.375160813331604	True
339	bert-base-multilingual-uncased	type1	340	1.5219666957855225	0.8328238129615784	0.6891428828239441	False
340	bert-base-multilingual-uncased	type1	341	1.3329821825027466	2.18815016746521	-0.8551679849624634	True
341	bert-base-multilingual-uncased	type1	342	2.586074113845825	1.0297728776931765	1.5563012361526487	False
342	bert-base-multilingual-uncased	type1	343	4.078789710998535	0.3842804729938507	3.6945092380046844	False
343	bert-base-multilingual-uncased	type1	344	0.2809095084667206	4.119218349456787	-3.8383088409900665	True
344	bert-base-multilingual-uncased	type1	345	0.1253601759672165	0.2049371898174286	-0.0795770138502121	True
345	bert-base-multilingual-uncased	type1	346	0.3810518980026245	0.1419697403907776	0.23908215761184692	False
346	bert-base-multilingual-uncased	type1	347	0.2866031527519226	5.15053129196167	-4.863928139209747	True
347	bert-base-multilingual-uncased	type1	348	5.9528656005859375	1.077270746231079	4.875594854354858	False
348	bert-base-multilingual-uncased	type1	349	4.118053913116455	6.742444515228272	-2.6243906021118173	True
349	bert-base-multilingual-uncased	type1	350	4.804772853851318	1.319276213645935	3.4854966402053833	False
350	bert-base-multilingual-uncased	type1	351	0.5701173543930054	5.705870151519775	-5.13575279712677	True
351	bert-base-multilingual-uncased	type1	352	5.503368377685547	0.9036909341812134	4.5996774435043335	False
352	bert-base-multilingual-uncased	type1	353	2.5604560375213623	5.826308727264404	-3.265852689743042	True
353	bert-base-multilingual-uncased	type1	354	6.493453979492188	3.304748058319092	3.1887059211730966	False
354	bert-base-multilingual-uncased	type1	355	0.343402087688446	7.172068119049072	-6.828666031360626	True
355	bert-base-multilingual-uncased	type1	356	5.79995059967041	0.4027810096740722	5.397169589996338	False
356	bert-base-multilingual-uncased	type1	357	0.7753251194953918	2.0818235874176025	-1.3064984679222107	True
357	bert-base-multilingual-uncased	type1	358	6.444721221923828	5.291574478149414	1.153146743774414	False
358	bert-base-multilingual-uncased	type1	359	0.2104974538087844	3.609716653823853	-3.3992192000150685	True
359	bert-base-multilingual-uncased	type1	360	1.3593175411224363	1.639521241188049	-0.2802037000656128	True
360	bert-base-multilingual-uncased	type1	361	0.4208795130252838	3.173706531524658	-2.7528270184993744	True
361	bert-base-multilingual-uncased	type1	362	2.8445210456848145	0.7799190282821655	2.064602017402649	False
362	bert-base-multilingual-uncased	type1	363	0.9685088396072388	5.698361873626709	-4.72985303401947	True
363	bert-base-multilingual-uncased	type1	364	4.478233814239502	0.5556784868240356	3.9225553274154663	False
364	bert-base-multilingual-uncased	type1	365	0.1217843890190124	4.691437721252441	-4.569653332233429	True
365	bert-base-multilingual-uncased	type1	366	2.3238320350646973	0.5609782338142395	1.7628538012504578	False
366	bert-base-multilingual-uncased	type1	367	0.4863332211971283	3.4599764347076416	-2.9736432135105133	True
367	bert-base-multilingual-uncased	type1	368	3.319395065307617	0.4845335483551025	2.8348615169525146	False
368	bert-base-multilingual-uncased	type1	369	3.946558713912964	0.3834677934646606	3.5630909204483032	False
369	bert-base-multilingual-uncased	type1	370	1.707167148590088	4.688776969909668	-2.98160982131958	True
370	bert-base-multilingual-uncased	type1	371	0.4252413809299469	4.155726909637451	-3.7304855287075043	True
371	bert-base-multilingual-uncased	type1	372	7.3037028312683105	3.037850856781006	4.265851974487305	False
372	bert-base-multilingual-uncased	type1	373	0.3077769577503204	3.6490657329559326	-3.341288775205612	True
373	bert-base-multilingual-uncased	type1	374	5.412374973297119	0.3925649225711822	5.019810050725937	False
374	bert-base-multilingual-uncased	type1	375	0.5374140739440918	3.6738107204437256	-3.136396646499634	True
375	bert-base-multilingual-uncased	type1	376	6.49761962890625	2.786459445953369	3.711160182952881	False
376	bert-base-multilingual-uncased	type1	377	3.1237075328826904	0.8759037852287292	2.247803747653961	False
377	bert-base-multilingual-uncased	type1	378	1.155139684677124	5.271676540374756	-4.116536855697632	True
378	bert-base-multilingual-uncased	type1	379	6.382322788238525	3.5095577239990234	2.872765064239502	False
379	bert-base-multilingual-uncased	type1	380	1.087810516357422	3.105747699737549	-2.017937183380127	True
380	bert-base-multilingual-uncased	type1	381	1.5761257410049438	5.257291793823242	-3.6811660528182983	True
381	bert-base-multilingual-uncased	type1	382	8.199167251586914	4.81967830657959	3.379488945007324	False
382	bert-base-multilingual-uncased	type1	383	4.808379173278809	0.272322803735733	4.536056369543076	False
383	bert-base-multilingual-uncased	type1	384	0.3450039625167846	3.735327005386353	-3.3903230428695683	True
384	bert-base-multilingual-uncased	type1	385	3.4034857749938965	4.781612873077393	-1.378127098083496	True
385	bert-base-multilingual-uncased	type1	386	4.467769622802734	2.374056816101074	2.09371280670166	False
386	bert-base-multilingual-uncased	type1	387	5.841623783111572	9.34615421295166	-3.504530429840088	True
387	bert-base-multilingual-uncased	type1	388	8.853439331054688	4.77662467956543	4.076814651489258	False
388	bert-base-multilingual-uncased	type1	389	1.6316417455673218	6.271995544433594	-4.640353798866272	True
389	bert-base-multilingual-uncased	type1	390	5.4196882247924805	1.2034976482391355	4.216190576553345	False
390	bert-base-multilingual-uncased	type1	391	6.203049659729004	0.3235555291175842	5.87949413061142	False
391	bert-base-multilingual-uncased	type1	392	0.3725765347480774	6.458252429962158	-6.085675895214081	True
392	bert-base-multilingual-uncased	type1	393	1.9050332307815552	7.148960590362549	-5.243927359580994	True
393	bert-base-multilingual-uncased	type1	394	4.857696533203125	0.47099170088768	4.386704832315445	False
394	bert-base-multilingual-uncased	type1	395	8.427945137023926	7.866601943969727	0.5613431930541992	False
395	bert-base-multilingual-uncased	type1	396	5.657923221588135	5.578799247741699	0.07912397384643555	False
396	bert-base-multilingual-uncased	type2	397	1.3602265119552612	3.780937433242798	-2.4207109212875366	True
397	bert-base-multilingual-uncased	type2	398	4.518956661224365	0.942637860774994	3.5763188004493713	False
398	bert-base-multilingual-uncased	type2	399	0.3242235481739044	5.362693309783936	-5.038469761610032	True
399	bert-base-multilingual-uncased	type2	400	3.990098237991333	0.3579554557800293	3.6321427822113037	False
400	bert-base-multilingual-uncased	type2	401	0.2781383097171783	3.347765684127808	-3.0696273744106297	True
401	bert-base-multilingual-uncased	type2	402	3.318467378616333	1.8229806423187256	1.4954867362976074	False
402	bert-base-multilingual-uncased	type2	403	0.3083999715745449	2.744934881106019	-2.436534909531474	True
403	bert-base-multilingual-uncased	type2	404	3.40844464302063	0.3197064399719238	3.088738203048706	False
404	bert-base-multilingual-uncased	type2	405	0.2175381481647491	5.087657451629639	-4.8701193034648895	True
405	bert-base-multilingual-uncased	type2	406	4.845850944519043	0.1911515593528747	4.654699385166168	False
406	bert-base-multilingual-uncased	type2	407	0.3080634474754333	2.8553383350372314	-2.547274887561798	True
407	bert-base-multilingual-uncased	type2	408	2.348271369934082	0.4824385941028595	1.8658327758312225	False
408	bert-base-multilingual-uncased	type2	409	0.3660114705562591	3.669236660003662	-3.303225189447403	True
409	bert-base-multilingual-uncased	type2	410	4.399472236633301	0.2348424196243286	4.164629817008972	False
410	bert-base-multilingual-uncased	type2	411	0.7171282656490803	2.006617996841669	-1.2894897311925888	True
411	bert-base-multilingual-uncased	type2	412	3.915140390396118	0.2126866728067398	3.7024537175893784	False
412	bert-base-multilingual-uncased	type2	413	0.5042447447776794	2.3843274116516118	-1.8800826668739323	True
413	bert-base-multilingual-uncased	type2	414	1.4616661071777344	2.2443385124206543	-0.7826724052429199	True
414	bert-base-multilingual-uncased	type2	415	1.1306610107421875	1.1022000312805176	0.028460979461669922	False
415	bert-base-multilingual-uncased	type2	416	4.923121452331543	0.2271240949630737	4.695997357368469	False
416	bert-base-multilingual-uncased	type2	417	0.6404356956481934	4.055232524871826	-3.414796829223633	True
417	bert-base-multilingual-uncased	type2	418	1.8354352712631223	1.6977914571762085	0.13764381408691384	False
418	bert-base-multilingual-uncased	type2	419	0.1482315510511398	4.747917175292969	-4.599685624241829	True
419	bert-base-multilingual-uncased	type2	420	3.807978868484497	0.3218658864498138	3.4861129820346832	False
420	bert-base-multilingual-uncased	type2	421	0.291832685470581	5.004743099212647	-4.712910413742066	True
421	bert-base-multilingual-uncased	type2	422	6.408649444580078	2.46075177192688	3.9478976726531982	False
422	bert-base-multilingual-uncased	type2	423	0.9776711463928224	4.985815048217773	-4.008143901824951	True
423	bert-base-multilingual-uncased	type2	424	1.5166090726852417	1.012741208076477	0.5038678646087646	False
424	bert-base-multilingual-uncased	type2	425	2.362208843231201	3.51804780960083	-1.155838966369629	True
425	bert-base-multilingual-uncased	type2	426	1.1515849828720093	2.252415657043457	-1.1008306741714478	True
426	bert-base-multilingual-uncased	type2	427	0.4388706684112549	3.553215265274048	-3.114344596862793	True
427	bert-base-multilingual-uncased	type2	428	4.29794979095459	0.1650141477584839	4.132935643196106	False
428	bert-base-multilingual-uncased	type2	429	0.10202001128345725	2.2407312244176865	-2.138711213134229	True
429	bert-base-multilingual-uncased	type2	430	1.818232117220759	0.14704455062746996	1.671187566593289	False
430	bert-base-multilingual-uncased	type2	431	0.2322450876235962	5.327859878540039	-5.095614790916443	True
431	bert-base-multilingual-uncased	type2	432	5.172876358032227	0.2382440865039825	4.934632271528244	False
432	bert-base-multilingual-uncased	type2	433	0.3633462488651275	3.1678082942962646	-2.804462045431137	True
433	bert-base-multilingual-uncased	type2	434	1.6561846733093262	0.7148150205612183	0.9413696527481079	False
434	bert-base-multilingual-uncased	type2	435	5.763832092285156	0.5702051520347595	5.193626940250397	False
435	bert-base-multilingual-uncased	type2	436	0.1297713220119476	9.359270095825195	-9.229498773813248	True
436	bert-base-multilingual-uncased	type2	437	3.6782634258270255	0.4960685670375824	3.182194858789443	False
437	bert-base-multilingual-uncased	type2	438	0.993744134902954	1.6537997722625732	-0.6600556373596193	True
438	bert-base-multilingual-uncased	type2	439	5.011549472808838	1.7652384042739868	3.246311068534851	False
439	bert-base-multilingual-uncased	type2	440	1.108093023300171	1.9878807067871092	-0.8797876834869383	True
440	bert-base-multilingual-uncased	type2	441	0.4227210562676191	1.0101807285100222	-0.587459672242403	True
441	bert-base-multilingual-uncased	type2	442	5.428194046020508	0.5212526917457581	4.90694135427475	False
442	bert-base-multilingual-uncased	type2	443	3.959993362426758	5.784995079040527	-1.8250017166137695	True
443	bert-base-multilingual-uncased	type2	444	0.6308080554008484	3.1399550437927246	-2.509146988391876	True
444	bert-base-multilingual-uncased	type2	445	1.0406345129013062	2.9498484134674072	-1.909213900566101	True
445	bert-base-multilingual-uncased	type2	446	5.2733683586120605	0.8889351487159729	4.384433209896088	False
446	bert-base-multilingual-uncased	type2	447	0.4503073692321777	3.172410249710083	-2.7221028804779053	True
447	bert-base-multilingual-uncased	type2	448	4.0951457023620605	0.4068922996520996	3.688253402709961	False
448	bert-base-multilingual-uncased	type2	449	0.2649537920951843	4.155230045318604	-3.89027625322342	True
449	bert-base-multilingual-uncased	type2	450	3.9253361225128174	0.1825810670852661	3.7427550554275513	False
450	bert-base-multilingual-uncased	type2	451	0.4979997873306274	3.6412649154663086	-3.143265128135681	True
451	bert-base-multilingual-uncased	type2	452	3.7302536964416495	0.2642942667007446	3.465959429740905	False
452	bert-base-multilingual-uncased	type2	453	0.587562620639801	7.746307849884033	-7.158745229244232	True
453	bert-base-multilingual-uncased	type2	454	7.977706909179687	4.260855197906494	3.7168517112731925	False
454	bert-base-multilingual-uncased	type2	455	0.2986358404159546	4.036956787109375	-3.7383209466934204	True
455	bert-base-multilingual-uncased	type2	456	4.148028373718262	0.4492233395576477	3.698805034160614	False
456	bert-base-multilingual-uncased	type2	457	0.5035176277160645	2.2601912021636963	-1.7566735744476318	True
457	bert-base-multilingual-uncased	type2	458	3.898284673690796	0.2396084368228912	3.6586762368679047	False
458	bert-base-multilingual-uncased	type2	459	0.9013112783432008	2.736725091934204	-1.8354138135910034	True
459	bert-base-multilingual-uncased	type2	460	2.641540288925171	0.9776864647865297	1.6638538241386414	False
460	bert-base-multilingual-uncased	type2	461	0.5796557068824768	4.595277309417725	-4.015621602535248	True
461	bert-base-multilingual-uncased	type2	462	3.442789316177368	1.026984691619873	2.415804624557495	False
462	bert-base-multilingual-uncased	type2	463	2.0202012062072754	4.255176067352295	-2.2349748611450195	True
463	bert-base-multilingual-uncased	type2	464	5.5468034744262695	1.5478134155273438	3.998990058898926	False
464	bert-base-multilingual-uncased	type2	465	0.5713158845901489	5.422344207763672	-4.851028323173523	True
465	bert-base-multilingual-uncased	type2	466	5.80010986328125	0.6984083652496338	5.101701498031616	False
466	bert-base-multilingual-uncased	type2	467	0.6157434582710266	2.9257538318634038	-2.310010373592377	True
467	bert-base-multilingual-uncased	type2	468	3.2013607304543257	1.5749426521360874	1.6264180783182383	False
468	bert-base-multilingual-uncased	type2	469	0.19387305155396461	1.9245182517915964	-1.7306452002376318	True
469	bert-base-multilingual-uncased	type2	470	1.9076783470809457	0.18520459346473214	1.7224737536162136	False
470	bert-base-multilingual-uncased	type2	471	0.1303881555795669	4.309937953948975	-4.179549798369408	True
471	bert-base-multilingual-uncased	type2	472	4.1048197746276855	0.1926795989274978	3.9121401757001877	False
472	bert-base-multilingual-uncased	type2	473	0.2105500549077987	6.043683052062988	-5.8331329971551895	True
473	bert-base-multilingual-uncased	type2	474	7.408124923706055	3.3344409465789795	4.073683977127075	False
474	bert-base-multilingual-uncased	type2	475	0.5460601486265658	2.6459501199424267	-2.0998899713158607	True
475	bert-base-multilingual-uncased	type2	476	6.0081939697265625	1.2617110013961792	4.746482968330383	False
476	bert-base-multilingual-uncased	type2	477	0.09863406326621765	2.9641269044950604	-2.8654928412288427	True
477	bert-base-multilingual-uncased	type2	478	2.850756640546024	0.11277344916015855	2.737983191385865	False
478	bert-base-multilingual-uncased	type2	479	0.6639595627784729	1.5949251651763916	-0.9309656023979187	True
479	bert-base-multilingual-uncased	type2	480	0.3540970683097839	2.486417770385742	-2.1323207020759583	True
480	bert-base-multilingual-uncased	type2	481	0.368552029132843	0.8418536186218262	-0.47330158948898315	True
481	bert-base-multilingual-uncased	type2	482	0.5253313183784485	0.2411944419145584	0.2841368764638901	False
482	bert-base-multilingual-uncased	type2	483	0.3896057605743408	5.184370517730713	-4.794764757156372	True
483	bert-base-multilingual-uncased	type2	484	7.040550708770752	2.1883740425109863	4.852176666259766	False
484	bert-base-multilingual-uncased	type2	485	6.033886909484863	6.132540225982666	-0.09865331649780273	True
485	bert-base-multilingual-uncased	type2	486	1.2007592916488647	1.0194510221481323	0.18130826950073242	False
486	bert-base-multilingual-uncased	type2	487	3.562441110610962	0.3052588105201721	3.25718230009079	False
487	bert-base-multilingual-uncased	type2	488	9.161199569702148	8.170184135437012	0.9910154342651367	False
488	bert-base-multilingual-uncased	type2	489	0.5260967593640089	1.5312470812350512	-1.0051503218710423	True
489	bert-base-multilingual-uncased	type2	490	3.018219470977783	0.6886703372001648	2.3295491337776184	False
490	bert-base-multilingual-uncased	type2	491	0.6904503107070923	1.7363675832748413	-1.045917272567749	True
491	bert-base-multilingual-uncased	type2	492	0.5798253491520882	0.7084034997969866	-0.12857815064489841	True
492	bert-base-multilingual-uncased	type2	493	0.6998857855796814	1.9255855083465576	-1.2256997227668762	True
493	bert-base-multilingual-uncased	type2	494	2.991186618804932	0.3803797960281372	2.610806822776795	False
494	bert-base-multilingual-uncased	type2	495	0.2682174444198608	3.7597692012786874	-3.4915517568588266	True
495	bert-base-multilingual-uncased	type2	496	1.1390825510025024	1.157825946807861	-0.018743395805358665	True
496	bert-base-multilingual-uncased	type2	497	0.2010931074619293	4.526672840118408	-4.325579732656479	True
497	bert-base-multilingual-uncased	type2	498	4.578998565673828	0.1572255641222	4.421773001551628	False
498	bert-base-multilingual-uncased	type2	499	0.2593007683753967	3.624225378036499	-3.3649246096611023	True
499	bert-base-multilingual-uncased	type2	500	3.850703477859497	0.2519307732582092	3.598772704601288	False
500	bert-base-multilingual-uncased	type2	501	1.2781014442443848	6.776546478271484	-5.4984450340271	True
501	bert-base-multilingual-uncased	type2	502	3.162243703380227	0.26787145435810084	2.894372249022126	False
502	bert-base-multilingual-uncased	type2	503	0.3696825504302978	5.373074531555176	-5.003391981124878	True
503	bert-base-multilingual-uncased	type2	504	5.515117168426514	0.3650515377521515	5.150065630674362	False
504	bert-base-multilingual-uncased	type2	505	0.18382429517805574	2.6630944907665253	-2.4792701955884695	True
505	bert-base-multilingual-uncased	type2	506	0.2703358232975006	0.2723502814769745	-0.002014458179473877	True
506	bert-base-multilingual-uncased	type2	507	0.8681680560112	1.4521950483322144	-0.5840269923210144	True
507	bert-base-multilingual-uncased	type2	508	1.4074172973632812	1.32898211479187	0.07843518257141135	False
508	bert-base-multilingual-uncased	type2	509	1.4110169410705566	1.0363658666610718	0.37465107440948486	False
509	bert-base-multilingual-uncased	type2	510	0.1486551612615585	4.858961582183838	-4.710306420922279	True
510	bert-base-multilingual-uncased	type2	511	5.894660472869873	6.245580673217773	-0.3509202003479004	True
511	bert-base-multilingual-uncased	type2	512	0.2820518016815185	2.8587660789489746	-2.576714277267456	True
512	bert-base-multilingual-uncased	type2	513	0.2225610017776489	3.9760162830352783	-3.7534552812576294	True
513	bert-base-multilingual-uncased	type2	514	1.0991958379745483	1.7983603477478027	-0.6991645097732544	True
514	bert-base-multilingual-uncased	type2	515	3.305402994155884	0.4185023605823517	2.886900633573532	False
515	bert-base-multilingual-uncased	type2	516	0.5174031257629395	3.112238883972168	-2.5948357582092285	True
516	bert-base-multilingual-uncased	type2	517	2.400556802749634	3.984149694442749	-1.5835928916931152	True
517	bert-base-multilingual-uncased	type2	518	1.4372962191700938	0.313671238720417	1.1236249804496767	False
518	bert-base-multilingual-uncased	type2	519	0.6337327864021063	1.475757472217083	-0.8420246858149767	True
519	bert-base-multilingual-uncased	type2	520	1.9404276628047228	0.1840506307780742	1.7563770320266485	False
520	bert-base-multilingual-uncased	type2	521	0.0712865665555	6.398685455322266	-6.327398888766766	True
521	bert-base-multilingual-uncased	type2	522	3.618277311325073	0.2778926491737366	3.3403846621513362	False
522	bert-base-multilingual-uncased	type2	523	0.2111659944057464	4.744630336761475	-4.533464342355728	True
523	bert-base-multilingual-uncased	type2	524	3.557544469833374	0.5006612539291382	3.056883215904236	False
524	bert-base-multilingual-uncased	type2	525	1.3932018280029297	3.2128608226776123	-1.8196589946746826	True
525	bert-base-multilingual-uncased	type2	526	5.188670635223389	0.4342599213123321	4.7544107139110565	False
526	bert-base-multilingual-uncased	type2	527	1.184799075126648	3.535532236099243	-2.350733160972595	True
527	bert-base-multilingual-uncased	type2	528	2.6791884899139404	1.1331331729888916	1.5460553169250488	False
528	bert-base-multilingual-uncased	type2	529	0.2664645910263061	3.604814052581787	-3.338349461555481	True
529	bert-base-multilingual-uncased	type2	530	0.1000254452228546	4.728509426116943	-4.628483980894089	True
530	bert-base-multilingual-uncased	type2	531	0.3478816747665405	5.861454010009766	-5.513572335243225	True
531	bert-base-multilingual-uncased	type2	532	4.627959728240967	0.3362649083137512	4.291694819927216	False
532	bert-base-multilingual-uncased	type2	533	0.164488673210144	4.351231575012207	-4.186742901802063	True
533	bert-base-multilingual-uncased	type2	534	1.2673382759094238	0.9864630699157716	0.28087520599365223	False
534	bert-base-multilingual-uncased	type2	535	6.567056179046631	0.1391291320323944	6.4279270470142365	False
535	bert-base-multilingual-uncased	type2	536	0.1309896558523178	6.176039218902588	-6.04504956305027	True
536	bert-base-multilingual-uncased	type2	537	0.3805239498615265	3.5444254875183105	-3.163901537656784	True
537	bert-base-multilingual-uncased	type2	538	2.6475040912628174	0.5700801610946655	2.077423930168152	False
538	bert-base-multilingual-uncased	type2	539	0.7847522497177124	4.409531593322754	-3.6247793436050415	True
539	bert-base-multilingual-uncased	type2	540	1.7156412601470947	0.9713719487190248	0.74426931142807	False
540	bert-base-multilingual-uncased	type2	541	2.6115214638412	2.189088786020875	0.4224326778203249	False
541	bert-base-multilingual-uncased	type2	542	2.0476932488381863	2.464843522757292	-0.41715027391910553	True
542	bert-base-multilingual-uncased	type2	543	1.4097831007093191	2.969463810324669	-1.5596807096153498	True
543	bert-base-multilingual-uncased	type2	544	3.049595994874835	1.3757454603910446	1.6738505344837904	False
544	bert-base-multilingual-uncased	type2	545	0.7768087983131409	2.9150540828704834	-2.1382452845573425	True
545	bert-base-multilingual-uncased	type2	546	1.0766865788027644	0.5895005101338029	0.4871860686689615	False
546	bert-base-multilingual-uncased	type2	547	1.302562594413757	1.631682276725769	-0.32911968231201194	True
547	bert-base-multilingual-uncased	type2	548	2.5708696842193604	0.9875397086143494	1.583329975605011	False
548	bert-base-multilingual-uncased	type2	549	2.1950125694274902	0.567236602306366	1.6277759671211243	False
549	bert-base-multilingual-uncased	type2	550	0.6794233918190002	1.985200881958008	-1.3057774901390078	True
550	bert-base-multilingual-uncased	type2	551	0.345344066619873	5.162219047546387	-4.816874980926514	True
551	bert-base-multilingual-uncased	type2	552	5.028162002563477	0.4786111712455749	4.549550831317902	False
552	bert-base-multilingual-uncased	type2	553	1.1126493215560913	5.897311210632324	-4.784661889076233	True
553	bert-base-multilingual-uncased	type2	554	5.875251293182373	0.3638747334480285	5.5113765597343445	False
554	bert-base-multilingual-uncased	type2	555	0.7185391522943974	1.2896580174565313	-0.571118865162134	True
555	bert-base-multilingual-uncased	type2	556	1.7230272330343723	0.4584721699357033	1.264555063098669	False
556	bert-base-multilingual-uncased	type2	557	1.094189167022705	4.990556240081787	-3.896367073059082	True
557	bert-base-multilingual-uncased	type2	558	5.30108642578125	0.3198566138744354	4.981229811906815	False
558	bert-base-multilingual-uncased	type2	559	0.2868645489215851	5.148753643035889	-4.861889094114304	True
559	bert-base-multilingual-uncased	type2	560	4.293920040130615	0.3792138695716858	3.9147061705589294	False
560	bert-base-multilingual-uncased	type2	561	2.465528726577759	0.7615137100219727	1.7040150165557861	False
561	bert-base-multilingual-uncased	type2	562	0.6920567154884338	2.7279460430145264	-2.0358893275260925	True
562	bert-base-multilingual-uncased	type2	563	1.9327846765518188	3.035428762435913	-1.1026440858840942	True
563	bert-base-multilingual-uncased	type2	564	2.7085208892822266	1.8285324573516848	0.8799884319305418	False
564	bert-base-multilingual-uncased	type2	565	0.3827027678489685	3.8554162979125977	-3.472713530063629	True
565	bert-base-multilingual-uncased	type2	566	1.8951939344406128	0.9000527858734131	0.9951411485671997	False
566	bert-base-multilingual-uncased	type2	567	0.4575377106666565	2.437817335128784	-1.9802796244621277	True
567	bert-base-multilingual-uncased	type2	568	3.108353853225708	0.4672425985336303	2.6411112546920776	False
568	bert-base-multilingual-uncased	type2	569	0.530191957950592	2.3493032455444336	-1.8191112875938416	True
569	bert-base-multilingual-uncased	type2	570	2.3749475479125977	0.4597640633583069	1.9151834845542908	False
570	bert-base-multilingual-uncased	type2	571	0.393550306558609	2.6464788913726807	-2.2529285848140717	True
571	bert-base-multilingual-uncased	type2	572	5.4210076332092285	0.1443654149770736	5.276642218232155	False
572	bert-base-multilingual-uncased	type2	573	0.6129051446914673	4.074850082397461	-3.4619449377059937	True
573	bert-base-multilingual-uncased	type2	574	3.616431474685669	0.6116001605987549	3.004831314086914	False
574	bert-base-multilingual-uncased	type2	575	1.0166631937026978	2.224102258682251	-1.2074390649795532	True
575	bert-base-multilingual-uncased	type2	576	3.436330556869507	0.3486022651195526	3.0877282917499542	False
576	bert-base-multilingual-uncased	type2	577	0.5462993383407593	4.063132762908936	-3.516833424568177	True
577	bert-base-multilingual-uncased	type2	578	3.9998292922973633	0.5550885200500488	3.4447407722473145	False
578	bert-base-multilingual-uncased	type2	579	0.7846459746360779	3.887193918228149	-3.102547943592071	True
579	bert-base-multilingual-uncased	type2	580	3.854111909866333	0.8421424627304077	3.0119694471359253	False
580	bert-base-multilingual-uncased	type2	581	0.2893257215619087	2.4150059446692467	-2.125680223107338	True
581	bert-base-multilingual-uncased	type2	582	2.2579925805330276	0.2951044701039791	1.9628881104290485	False
582	bert-base-multilingual-uncased	type2	583	0.8551761507987976	4.008938789367676	-3.153762638568878	True
583	bert-base-multilingual-uncased	type2	584	1.9220105409622192	0.5931129455566406	1.3288975954055786	False
584	bert-base-multilingual-uncased	type2	585	0.7148220539093018	2.2057645320892334	-1.4909424781799316	True
585	bert-base-multilingual-uncased	type2	586	1.4525820016860962	1.0750703811645508	0.3775116205215454	False
586	bert-base-multilingual-uncased	type2	587	0.1678029298782348	4.3628764152526855	-4.195073485374451	True
587	bert-base-multilingual-uncased	type2	588	2.762040615081787	0.4080412685871124	2.3539993464946747	False
588	bert-base-multilingual-uncased	type2	589	1.234378218650818	1.1031389236450195	0.13123929500579856	False
589	bert-base-multilingual-uncased	type2	590	0.1429283171892166	4.351123332977295	-4.208195015788078	True
590	bert-base-multilingual-uncased	type2	591	0.0855538249015808	7.427282810211182	-7.341728985309601	True
591	bert-base-multilingual-uncased	type2	592	7.373703956604004	0.0757188946008682	7.297985062003136	False
592	bert-base-multilingual-uncased	type2	593	0.5741358958184719	1.1527135986834762	-0.5785777028650043	True
593	bert-base-multilingual-uncased	type2	594	1.1138766482472422	0.5620608143508434	0.5518158338963988	False
594	bert-base-multilingual-uncased	type2	595	0.7738524470478296	0.46446223556995386	0.30939021147787577	False
595	bert-base-multilingual-uncased	type2	596	0.2877748869359493	1.0998903550207615	-0.8121154680848122	True
596	bert-base-multilingual-uncased	type2	597	0.2714111506938934	3.976985216140747	-3.7055740654468536	True
597	bert-base-multilingual-uncased	type2	598	5.400212287902832	0.1384058594703674	5.261806428432465	False
598	bert-base-multilingual-uncased	type2	599	4.532084941864014	0.2895579636096954	4.242526978254318	False
599	bert-base-multilingual-uncased	type2	600	5.3832173347473145	5.933150291442871	-0.5499329566955566	True
600	bert-base-multilingual-uncased	type2	601	7.923938751220703	7.344112396240234	0.5798263549804688	False
601	bert-base-multilingual-uncased	type2	602	0.5298251509666443	2.737973690032959	-2.2081485390663147	True
602	bert-base-multilingual-uncased	type2	603	0.4035347998142242	2.8182413578033447	-2.4147065579891205	True
603	bert-base-multilingual-uncased	type2	604	2.038272857666016	0.7602106332778931	1.278062224388123	False
604	bert-base-multilingual-uncased	type2	605	0.46912723779678334	2.2055992241948843	-1.7364719863981009	True
605	bert-base-multilingual-uncased	type2	606	3.951894998550415	0.4316756427288055	3.5202193558216095	False
606	bert-base-multilingual-uncased	type2	607	1.0905368328094482	2.685011386871338	-1.5944745540618896	True
607	bert-base-multilingual-uncased	type2	608	1.886797785758972	1.238590955734253	0.648206830024719	False
608	bert-base-multilingual-uncased	type2	609	4.773796558380127	8.785736083984375	-4.011939525604248	True
609	bert-base-multilingual-uncased	type2	610	2.830877721309662	0.121074229478836	2.709803491830826	False
610	bert-base-multilingual-uncased	type2	611	2.014373302459717	6.38414478302002	-4.369771480560304	True
611	bert-base-multilingual-uncased	type2	612	7.348956108093262	3.352484226226806	3.9964718818664555	False
612	bert-base-multilingual-uncased	type2	613	0.5574625134468079	2.22019624710083	-1.6627337336540222	True
613	bert-base-multilingual-uncased	type2	614	1.9523357152938845	1.0144468545913696	0.9378888607025149	False
614	bert-base-multilingual-uncased	type2	615	0.4373773895204067	2.814312994480133	-2.3769356049597263	True
615	bert-base-multilingual-uncased	type2	616	2.886997042223811	0.5250956192612648	2.3619014229625463	False
616	bert-base-multilingual-uncased	type2	617	0.4717914164066314	6.24013614654541	-5.768344730138779	True
617	bert-base-multilingual-uncased	type2	618	6.432746887207031	0.4423353374004364	5.990411549806595	False
618	bert-base-multilingual-uncased	type2	619	0.5361047480255365	2.7607632372528315	-2.224658489227295	True
619	bert-base-multilingual-uncased	type2	620	2.110696006566286	0.5537000820040703	1.5569959245622158	False
620	bert-base-multilingual-uncased	type2	621	1.3325976133346558	3.562605857849121	-2.2300082445144653	True
621	bert-base-multilingual-uncased	type2	622	3.5892813205718994	1.3036458492279053	2.285635471343994	False
622	bert-base-multilingual-uncased	type2	623	1.4971114303916693	2.9652907038107514	-1.4681792734190822	True
623	bert-base-multilingual-uncased	type2	624	3.156200003810227	1.544101720675826	1.6120982831344008	False
624	bert-base-multilingual-uncased	type2	625	1.6377847455441952	0.4336429685354232	1.204141777008772	False
625	bert-base-multilingual-uncased	type2	626	0.48510955087840557	1.4042630009353163	-0.9191534500569107	True
626	bert-base-multilingual-uncased	type2	627	1.184266209602356	6.755629062652588	-5.571362853050232	True
627	bert-base-multilingual-uncased	type2	628	6.715129852294922	1.0430346727371216	5.6720951795578	False
628	bert-base-multilingual-uncased	type2	629	2.2718300819396973	0.5690023899078369	1.7028276920318604	False
629	bert-base-multilingual-uncased	type2	630	0.282560646533966	3.556226968765259	-3.2736663222312927	True
630	bert-base-multilingual-uncased	type2	631	0.6201151013374329	3.084475040435791	-2.464359939098358	True
631	bert-base-multilingual-uncased	type2	632	4.333423614501953	0.5269438028335571	3.806479811668396	False
632	bert-base-multilingual-uncased	type2	633	4.161871910095215	2.375591278076172	1.786280632019043	False
633	bert-base-multilingual-uncased	type2	634	3.339921236038208	2.439493179321289	0.900428056716919	False
634	bert-base-multilingual-uncased	type2	635	1.1312871435657141	0.3288793265819549	0.8024078169837592	False
635	bert-base-multilingual-uncased	type2	636	2.336923837661743	3.868103504180908	-1.531179666519165	True
636	bert-base-multilingual-uncased	type2	637	0.17633814737200734	1.5207918100059032	-1.3444536626338959	True
637	bert-base-multilingual-uncased	type2	638	0.5623773355036975	0.6335900481790304	-0.07121271267533291	True
638	bert-base-multilingual-uncased	type2	639	0.5787250138819217	1.1911238264292479	-0.6123988125473262	True
639	bert-base-multilingual-uncased	type2	640	0.6530048679560423	1.1171726267784834	-0.4641677588224411	True
640	bert-base-multilingual-uncased	type2	641	1.8490248918533323	1.6423182487487793	0.206706643104553	False
641	bert-base-multilingual-uncased	type2	642	1.1296916007995603	3.5118396282196045	-2.382148027420044	True
642	bert-base-multilingual-uncased	type2	643	0.41563156619668007	0.8441976234316826	-0.4285660572350025	True
643	bert-base-multilingual-uncased	type2	644	1.1058387756347656	2.425229072570801	-1.3193902969360352	True
644	bert-base-multilingual-uncased	type2	645	1.573521999642253	0.21698006242513648	1.3565419372171164	False
645	bert-base-multilingual-uncased	type2	646	0.17811766453087327	1.7685858700424433	-1.59046820551157	True
646	bert-base-multilingual-uncased	type2	647	3.081219233572483	1.8098057061433792	1.2714135274291039	False
647	bert-base-multilingual-uncased	type2	648	2.1118532679975033	3.8343482613563533	-1.72249499335885	True
648	bert-base-multilingual-uncased	type2	649	2.327794950455427	0.41791415587067604	1.9098807945847511	False
649	bert-base-multilingual-uncased	type2	650	1.368003772571683	1.822618778795004	-0.45461500622332096	True
650	bert-base-multilingual-uncased	type2	651	1.402646780014038	1.080751657485962	0.32189512252807617	False
651	bert-base-multilingual-uncased	type2	652	1.0318180322647097	1.5182138681411743	-0.4863958358764646	True
652	bert-base-multilingual-uncased	type2	653	2.042025566101074	1.3172370195388794	0.7247885465621948	False
653	bert-base-multilingual-uncased	type2	654	1.3507332801818848	5.475673675537109	-4.124940395355225	True
654	bert-base-multilingual-uncased	type2	655	1.3227866780944166	1.544279525987804	-0.2214928478933873	True
655	bert-base-multilingual-uncased	type2	656	2.657089133746922	1.84242735337466	0.814661780372262	False
656	bert-base-multilingual-uncased	type2	657	8.061918258666992	6.076557159423828	1.985361099243164	False
657	bert-base-multilingual-uncased	type2	658	2.741607666015625	4.7822699546813965	-2.0406622886657715	True
658	bert-base-multilingual-uncased	type2	659	4.87746524810791	0.2189752608537674	4.658489987254143	False
659	bert-base-multilingual-uncased	type2	660	0.3109717667102813	4.706783771514893	-4.395812004804611	True
660	bert-base-multilingual-uncased	type2	661	3.861177682876587	0.3721050024032593	3.4890726804733276	False
661	bert-base-multilingual-uncased	type2	662	1.407257176935673	2.669691991060972	-1.2624348141252992	True
662	bert-base-multilingual-uncased	type2	663	4.107889581471682	0.7204868514090775	3.387402730062604	False
663	bert-base-multilingual-uncased	type2	664	1.8273669593036175	4.560205578804016	-2.7328386195003986	True
664	bert-base-multilingual-uncased	type2	665	4.029297828674316	0.6121760010719299	3.4171218276023865	False
665	bert-base-multilingual-uncased	type2	666	1.5150655508041382	3.863441705703736	-2.3483761548995976	True
666	bert-base-multilingual-uncased	type2	667	3.777242183685303	1.0852031707763672	2.692039012908936	False
667	bert-base-multilingual-uncased	type2	668	3.265787376090884	4.084712445735931	-0.8189250696450472	True
668	bert-base-multilingual-uncased	type2	669	1.3726998511701825	0.4974237531423568	0.8752760980278256	False
669	bert-base-multilingual-uncased	type2	670	2.1995575428009038	6.623321533203125	-4.423763990402222	True
670	bert-base-multilingual-uncased	type2	671	1.258227345533669	0.33840340562164783	0.9198239399120212	False
671	bert-base-multilingual-uncased	type2	672	3.1330989114940166	3.504994112998247	-0.3718952015042305	True
672	bert-base-multilingual-uncased	type2	673	2.5794173553586006	0.7177044171839952	1.8617129381746054	False
673	bert-base-multilingual-uncased	type2	674	1.075242280960083	6.417543411254883	-5.3423011302948	True
674	bert-base-multilingual-uncased	type2	675	3.18301010131836	0.6569467782974243	2.5260633230209355	False
675	bert-base-multilingual-uncased	type2	676	0.7445820756256579	1.9861254319548607	-1.2415433563292027	True
676	bert-base-multilingual-uncased	type2	677	8.665332794189453	7.030928134918213	1.6344046592712402	False
677	bert-base-multilingual-uncased	type2	678	0.4261548221111297	3.4952635765075684	-3.0691087543964386	True
678	bert-base-multilingual-uncased	type2	679	4.646403789520264	0.1485212743282318	4.497882515192032	False
679	bert-base-multilingual-uncased	type2	680	0.1469980478286743	6.262711048126221	-6.115713000297546	True
680	bert-base-multilingual-uncased	type2	681	0.1386522501707077	5.058403015136719	-4.919750764966011	True
681	bert-base-multilingual-uncased	type2	682	0.56565922498703	2.5892152786254883	-2.0235560536384583	True
682	bert-base-multilingual-uncased	type2	683	1.1261268854141235	1.322991967201233	-0.19686508178710938	True
683	bert-base-multilingual-uncased	type2	684	1.1866497993469238	1.972455143928528	-0.7858053445816042	True
684	bert-base-multilingual-uncased	type2	685	4.908586502075195	0.6969266533851624	4.211659848690033	False
685	bert-base-multilingual-uncased	type2	686	0.2709344625473022	4.529025554656982	-4.25809109210968	True
686	bert-base-multilingual-uncased	type2	687	2.4223153591156006	2.428865671157837	-0.006550312042236328	True
687	bert-base-multilingual-uncased	type2	688	1.2121787071228027	1.6216598749160769	-0.40948116779327415	True
688	bert-base-multilingual-uncased	type2	689	4.352602958679199	2.2638819217681885	2.0887210369110107	False
689	bert-base-multilingual-uncased	type2	690	1.0569257736206057	4.985833644866943	-3.928907871246338	True
690	bert-base-multilingual-uncased	type2	691	4.099074840545654	0.2253635227680206	3.8737113177776337	False
691	bert-base-multilingual-uncased	type2	692	8.645034790039062	11.019638061523438	-2.374603271484375	True
692	bert-base-multilingual-uncased	type2	693	1.3245483692735436	0.3893746081739664	0.9351737610995772	False
693	bert-base-multilingual-uncased	type2	694	0.5988230109214783	3.705089569091797	-3.1062665581703186	True
694	bert-base-multilingual-uncased	type2	695	3.783936023712158	0.3798121213912964	3.404123902320862	False
695	bert-base-multilingual-uncased	type2	696	0.2654462158679962	4.109187126159668	-3.8437409102916718	True
696	bert-base-multilingual-uncased	type2	697	3.092066828161478	0.14083981886506075	2.9512270092964172	False
697	bert-base-multilingual-uncased	type2	698	0.1315168216824531	2.7889666631817818	-2.6574498414993286	True
698	bert-base-multilingual-uncased	type2	699	1.0012505054473877	1.5647027492523191	-0.5634522438049314	True
699	bert-base-multilingual-uncased	type2	700	0.5562086552381516	0.774501696228981	-0.21829304099082947	True
700	bert-base-multilingual-uncased	type2	701	2.592150449752808	1.1062300205230713	1.4859204292297368	False
701	bert-base-multilingual-uncased	type2	702	0.5377030372619629	4.705943584442139	-4.168240547180176	True
702	bert-base-multilingual-uncased	type2	703	3.3105502128601074	0.3105896115303039	2.9999606013298035	False
703	bert-base-multilingual-uncased	type2	704	0.2563508152961731	5.5967631340026855	-5.3404123187065125	True
704	bert-base-multilingual-uncased	type2	705	1.8068741653114555	0.5280072446912527	1.2788669206202028	False
705	bert-base-multilingual-uncased	type2	706	0.5205764565616845	1.3752142414450645	-0.85463778488338	True
706	bert-base-multilingual-uncased	type2	707	4.842504024505615	0.219552606344223	4.622951418161392	False
707	bert-base-multilingual-uncased	type2	708	1.014501690864563	4.184324741363525	-3.1698230504989624	True
708	bert-base-multilingual-uncased	type2	709	0.2375526912510395	1.2729661911725998	-1.0354134999215603	True
709	bert-base-multilingual-uncased	type2	710	0.4169391514733433	0.986093044281006	-0.5691538928076627	True
710	bert-base-multilingual-uncased	type2	711	1.7767094373703003	1.1546398401260376	0.6220695972442627	False
711	bert-base-multilingual-uncased	type2	712	4.187234401702881	7.745484828948975	-3.5582504272460938	True
712	bert-base-multilingual-uncased	type2	713	5.556878566741943	0.3713234961032867	5.185555070638657	False
713	bert-base-multilingual-uncased	type2	714	1.4203583002090454	6.993569850921631	-5.5732115507125854	True
714	bert-base-multilingual-uncased	type2	715	6.077661991119385	0.0926763415336608	5.984985649585724	False
715	bert-base-multilingual-uncased	type2	716	0.0865361839532852	6.463893413543701	-6.377357229590416	True
716	bert-base-multilingual-uncased	type2	717	4.882167339324951	0.1849907785654068	4.697176560759544	False
717	bert-base-multilingual-uncased	type2	718	3.5938024520874023	8.114521980285645	-4.520719528198242	True
718	bert-base-multilingual-uncased	type2	719	2.070517063140869	0.6154310703277588	1.4550859928131104	False
719	bert-base-multilingual-uncased	type2	720	0.2962236404418945	0.9847455024719238	-0.6885218620300293	True
720	bert-base-multilingual-uncased	type2	721	2.900424003601074	0.514437198638916	2.385986804962158	False
721	bert-base-multilingual-uncased	type2	722	0.6337837558239698	2.2192617133259773	-1.5854779575020075	True
722	bert-base-multilingual-uncased	type2	723	5.172934055328369	2.251803159713745	2.921130895614624	False
723	bert-base-multilingual-uncased	type2	724	0.4140543341636657	4.004827976226807	-3.590773642063141	True
724	bert-base-multilingual-uncased	type2	725	3.1237573623657227	0.7096162438392639	2.4141411185264587	False
725	bert-base-multilingual-uncased	type2	726	0.9737528562545776	4.702012062072754	-3.7282592058181763	True
726	bert-base-multilingual-uncased	type2	727	1.1890725586563349	0.33018730767071247	0.8588852509856224	False
727	bert-base-multilingual-uncased	type2	728	0.35313435830175877	1.342613035812974	-0.9894786775112152	True
728	bert-base-multilingual-uncased	type2	729	4.9841814041137695	1.004757285118103	3.9794241189956665	False
729	bert-base-multilingual-uncased	type2	730	2.138374328613281	5.860321044921875	-3.721946716308594	True
730	bert-base-multilingual-uncased	type2	731	3.3398243114352226	2.309978112578392	1.0298461988568306	False
731	bert-base-multilingual-uncased	type2	732	0.22029358521103856	1.7750578317791224	-1.5547642465680838	True
732	bert-base-multilingual-uncased	type2	733	2.4573159776628017	2.1532227136194706	0.30409326404333115	False
733	bert-base-multilingual-uncased	type2	734	1.8366955518722532	1.186669945716858	0.6500256061553953	False
734	bert-base-multilingual-uncased	type2	735	3.3790853023529053	1.6912750005722046	1.6878103017807007	False
735	bert-base-multilingual-uncased	type2	736	5.0951008796691895	4.0696797370910645	1.025421142578125	False
736	bert-base-multilingual-uncased	type2	737	1.6338497325778008	1.2597948238253591	0.37405490875244163	False
737	bert-base-multilingual-uncased	type2	738	1.7710930109024048	1.922234058380127	-0.15114104747772217	True
738	bert-base-multilingual-uncased	type2	739	2.123154990375042	0.5793622620403767	1.5437927283346653	False
739	bert-base-multilingual-uncased	type2	740	2.3110110759735107	7.489472389221191	-5.178461313247681	True
740	bert-base-multilingual-uncased	type2	741	2.782295949757099	1.4829994924366474	1.2992964573204517	False
741	bert-base-multilingual-uncased	type2	742	0.69659024477005	3.30612850189209	-2.60953825712204	True
742	bert-base-multilingual-uncased	type2	743	10.259761810302734	8.848169326782227	1.4115924835205078	False
743	bert-base-multilingual-uncased	type2	744	3.5777273178100586	7.13605260848999	-3.5583252906799316	True
744	bert-base-multilingual-uncased	type2	745	5.114808559417725	0.2315637022256851	4.8832448571920395	False
745	bert-base-multilingual-uncased	type2	746	0.471316248178482	5.08788537979126	-4.616569131612778	True
746	bert-base-multilingual-uncased	type2	747	6.540728569030762	0.2588253617286682	6.2819032073020935	False
747	bert-base-multilingual-uncased	type2	748	0.8325620889663696	4.739804267883301	-3.907242178916931	True
748	bert-base-multilingual-uncased	type2	749	7.541734218597412	3.1917593479156494	4.349974870681763	False
749	bert-base-multilingual-uncased	type2	750	6.104545593261719	7.967138290405273	-1.8625926971435547	True
750	bert-base-multilingual-uncased	type2	751	5.343001842498779	0.4122951328754425	4.930706709623337	False
751	bert-base-multilingual-uncased	type2	752	2.7090446949005127	7.510815143585205	-4.801770448684692	True
752	bert-base-multilingual-uncased	type2	753	3.2939705327153206	2.0546009335666895	1.239369599148631	False
753	bert-base-multilingual-uncased	type2	754	0.5189868211746216	2.5530753135681152	-2.0340884923934937	True
754	bert-base-multilingual-uncased	type2	755	0.8041683435440063	2.839310646057129	-2.0351423025131226	True
755	bert-base-multilingual-uncased	type2	756	3.150058750063181	4.278323300182819	-1.1282645501196384	True
756	bert-base-multilingual-uncased	type2	757	3.488940715789795	0.4250780940055847	3.06386262178421	False
757	bert-base-multilingual-uncased	type2	758	0.956173861399293	2.6056237258017063	-1.6494498644024134	True
758	bert-base-multilingual-uncased	type2	759	5.618569850921631	1.6984442472457886	3.9201256036758423	False
759	bert-base-multilingual-uncased	type2	760	3.3168299198150635	7.87547492980957	-4.558645009994507	True
760	bert-base-multilingual-uncased	type2	761	1.7164263725280762	0.6906338334083557	1.0257925391197205	False
761	bert-base-multilingual-uncased	type2	762	0.296688824892044	3.743610620498657	-3.4469217956066127	True
762	bert-base-multilingual-uncased	type2	763	0.7342938780784607	2.804783344268799	-2.070489466190338	True
763	bert-base-multilingual-uncased	type2	764	4.621589183807373	1.7388983964920044	2.8826907873153687	False
764	bert-base-multilingual-uncased	type2	765	5.11720085144043	0.5175593495368958	4.599641501903534	False
765	bert-base-multilingual-uncased	type2	766	3.2542781829833984	5.436505317687988	-2.18222713470459	True
766	bert-base-multilingual-uncased	type2	767	7.72731876373291	0.2166933268308639	7.510625436902046	False
767	bert-base-multilingual-uncased	type2	768	0.2380308955907821	9.030508041381836	-8.792477145791054	True
768	bert-base-multilingual-uncased	type2	769	4.508102416992188	0.4834029972553253	4.024699419736863	False
769	bert-base-multilingual-uncased	type2	770	5.334386348724365	7.327995777130127	-1.9936094284057617	True
770	bert-base-multilingual-uncased	type2	771	1.016981601715088	3.9489529132843018	-2.931971311569214	True
771	bert-base-multilingual-uncased	type2	772	3.4578816890716557	0.3821495771408081	3.0757321119308476	False
772	bert-base-multilingual-uncased	type2	773	2.263863457366824	0.16644359007477758	2.0974198672920465	False
773	bert-base-multilingual-uncased	type2	774	0.8873581290245056	4.830279350280762	-3.942921221256256	True
774	bert-base-multilingual-uncased	type2	775	2.2356590013951063	0.4900656007230282	1.7455934006720781	False
775	bert-base-multilingual-uncased	type2	776	0.2441332638263702	3.696900844573975	-3.452767580747605	True
776	bert-base-multilingual-uncased	type2	777	2.4530344009399414	3.345566749572754	-0.8925323486328125	True
777	bert-base-multilingual-uncased	type2	778	0.1460978388786316	0.0840972885489463	0.062000550329685294	False
778	bert-base-multilingual-uncased	type2	779	1.537424921989441	0.8418583273887634	0.6955665946006775	False
779	bert-base-multilingual-uncased	type2	780	0.5165079832077026	0.884271502494812	-0.3677635192871094	True
780	bert-base-multilingual-uncased	type2	781	2.237601518630981	5.077874660491943	-2.8402731418609624	True
781	bert-base-multilingual-uncased	type2	782	4.79356050491333	6.626357555389404	-1.8327970504760742	True
782	bert-base-multilingual-uncased	type2	783	2.2630937099456787	0.581955075263977	1.6811386346817017	False
783	bert-base-multilingual-uncased	type2	784	0.2523228526115417	4.294026851654053	-4.041703999042511	True
784	bert-base-multilingual-uncased	type2	785	4.09468412399292	0.2199042439460754	3.8747798800468445	False
785	bert-base-multilingual-uncased	type2	786	0.8699074983596802	6.802926540374756	-5.933019042015076	True
786	bert-base-multilingual-uncased	type2	787	0.426348477602005	3.822733402252197	-3.396384924650192	True
787	bert-base-multilingual-uncased	type2	788	1.7867584228515625	0.9828798174858092	0.8038786053657533	False
788	bert-base-multilingual-uncased	type2	789	0.591911256313324	3.8299057483673096	-3.2379944920539856	True
789	bert-base-multilingual-uncased	type2	790	4.841487407684326	0.263163298368454	4.578324109315872	False
790	bert-base-multilingual-uncased	type2	791	0.2839751243591308	3.1571390628814697	-2.873163938522339	True
791	bert-base-multilingual-uncased	type2	792	1.6225550174713137	0.7175796031951904	0.9049754142761233	False
